0 coverage (%)	>=1 coverage (%)	>=10 coverage (%)	>=20 coverage (%)	>=30 coverage (%)	Total bases
0.0	100.0	100.0	98.12547819433817	89.05891354246366	2614
